period_start,renewables_pct
2026-09-12 06:30:00,62.3
2026-09-12 07:00:00,64.5
2026-09-12 07:30:00,65.3
2026-09-12 08:00:00,67.2
2026-09-12 08:30:00,69.0
2026-09-12 09:00:00,70.9
2026-09-12 09:30:00,73.4
2026-09-12 10:00:00,74.80000000000001
2026-09-12 10:30:00,75.3
2026-09-12 11:00:00,75.8
2026-09-12 11:30:00,76.0
2026-09-12 12:00:00,76.2
2026-09-12 12:30:00,76.6
2026-09-12 13:00:00,76.6
2026-09-12 13:30:00,76.19999999999999
2026-09-12 14:00:00,75.7
2026-09-12 14:30:00,73.6
2026-09-12 15:00:00,71.3
2026-09-12 15:30:00,70.2
2026-09-12 16:00:00,69.6
2026-09-12 16:30:00,68.7
2026-09-12 17:00:00,64.7
2026-09-12 17:30:00,60.9
2026-09-12 18:00:00,58.0
2026-09-12 18:30:00,57.0
2026-09-12 19:00:00,56.699999999999996
2026-09-12 19:30:00,55.9
2026-09-12 20:00:00,54.49999999999999
2026-09-12 20:30:00,54.900000000000006
2026-09-12 21:00:00,53.6
2026-09-12 21:30:00,51.900000000000006
2026-09-12 22:00:00,50.9
2026-09-12 22:30:00,48.3
2026-09-12 23:00:00,46.6
2026-09-12 23:30:00,44.6
2026-09-13 00:00:00,43.8
2026-09-13 00:30:00,42.0
2026-09-13 01:00:00,40.0
2026-09-13 01:30:00,37.1
2026-09-13 02:00:00,35.1
2026-09-13 02:30:00,32.4
2026-09-13 03:00:00,31.0
2026-09-13 03:30:00,30.5
2026-09-13 04:00:00,29.1
2026-09-13 04:30:00,27.5
2026-09-13 05:00:00,25.200000000000003
2026-09-13 05:30:00,23.5
2026-09-13 06:00:00,22.9
2026-09-13 06:30:00,24.4
2026-09-13 07:00:00,25.5
2026-09-13 07:30:00,26.2
2026-09-13 08:00:00,26.8
2026-09-13 08:30:00,29.0
2026-09-13 09:00:00,30.200000000000003
2026-09-13 09:30:00,30.6
2026-09-13 10:00:00,31.1
2026-09-13 10:30:00,31.5
2026-09-13 11:00:00,32.0
2026-09-13 11:30:00,31.9
2026-09-13 12:00:00,32.0
2026-09-13 12:30:00,31.9
2026-09-13 13:00:00,32.1
2026-09-13 13:30:00,32.2
2026-09-13 14:00:00,32.1
2026-09-13 14:30:00,30.599999999999998
2026-09-13 15:00:00,28.9
2026-09-13 15:30:00,28.2
2026-09-13 16:00:00,26.2
2026-09-13 16:30:00,25.5
2026-09-13 17:00:00,23.8
2026-09-13 17:30:00,21.8
2026-09-13 18:00:00,21.6
2026-09-13 18:30:00,21.4
2026-09-13 19:00:00,22.2
2026-09-13 19:30:00,21.799999999999997
2026-09-13 20:00:00,23.1
2026-09-13 20:30:00,25.0
2026-09-13 21:00:00,26.2
2026-09-13 21:30:00,27.3
2026-09-13 22:00:00,27.2
2026-09-13 22:30:00,27.3
2026-09-13 23:00:00,27.9
2026-09-13 23:30:00,30.0
2026-09-14 00:00:00,31.000000000000004
2026-09-14 00:30:00,31.1
2026-09-14 01:00:00,31.7
2026-09-14 01:30:00,31.999999999999996
2026-09-14 02:00:00,33.4
2026-09-14 02:30:00,35.2
2026-09-14 03:00:00,34.9
2026-09-14 03:30:00,34.7
2026-09-14 04:00:00,35.4
2026-09-14 04:30:00,35.2
2026-09-14 05:00:00,34.1
2026-09-14 05:30:00,34.3
2026-09-14 06:00:00,33.3
2026-09-14 06:30:00,33.4
2026-09-14 07:00:00,34.3
2026-09-14 07:30:00,35.5
2026-09-14 08:00:00,36.3
2026-09-14 08:30:00,38.199999999999996
2026-09-14 09:00:00,40.6
2026-09-14 09:30:00,42.0
2026-09-14 10:00:00,43.699999999999996
2026-09-14 10:30:00,45.7
2026-09-14 11:00:00,47.4
2026-09-14 11:30:00,49.900000000000006
2026-09-14 12:00:00,51.3
2026-09-14 12:30:00,53.5
2026-09-14 13:00:00,54.699999999999996
2026-09-14 13:30:00,56.7
2026-09-14 14:00:00,55.7
2026-09-14 14:30:00,53.0
2026-09-14 15:00:00,51.8
2026-09-14 15:30:00,53.0
2026-09-14 16:00:00,52.3
2026-09-14 16:30:00,51.0
2026-09-14 17:00:00,49.7
2026-09-14 17:30:00,48.8
2026-09-14 18:00:00,49.5
2026-09-14 18:30:00,49.9
2026-09-14 19:00:00,51.5
2026-09-14 19:30:00,52.0
2026-09-14 20:00:00,53.4
2026-09-14 20:30:00,55.199999999999996
2026-09-14 21:00:00,57.699999999999996
2026-09-14 21:30:00,60.6
2026-09-14 22:00:00,62.2
2026-09-14 22:30:00,64.5
2026-09-14 23:00:00,64.9
2026-09-14 23:30:00,66.80000000000001
2026-09-15 00:00:00,67.7
2026-09-15 00:30:00,69.6
2026-09-15 01:00:00,70.5
2026-09-15 01:30:00,71.6
2026-09-15 02:00:00,72.10000000000001
2026-09-15 02:30:00,72.8
2026-09-15 03:00:00,73.8
2026-09-15 03:30:00,71.39999999999999
2026-09-15 04:00:00,70.6
2026-09-15 04:30:00,69.7
2026-09-15 05:00:00,66.4
2026-09-15 05:30:00,65.39999999999999
2026-09-15 06:00:00,64.6
2026-09-15 06:30:00,64.10000000000001
2026-09-15 07:00:00,65.0
2026-09-15 07:30:00,64.1
2026-09-15 08:00:00,63.5
2026-09-15 08:30:00,64.7
2026-09-15 09:00:00,66.3
2026-09-15 09:30:00,67.8
2026-09-15 10:00:00,67.6
2026-09-15 10:30:00,68.2
2026-09-15 11:00:00,69.10000000000001
2026-09-15 11:30:00,69.4
2026-09-15 12:00:00,69.0
2026-09-15 12:30:00,69.5
2026-09-15 13:00:00,69.3
2026-09-15 13:30:00,71.1
2026-09-15 14:00:00,69.6
2026-09-15 14:30:00,66.5
2026-09-15 15:00:00,61.5
2026-09-15 15:30:00,57.1
2026-09-15 16:00:00,55.5
2026-09-15 16:30:00,53.7
2026-09-15 17:00:00,51.6
2026-09-15 17:30:00,48.6
2026-09-15 18:00:00,47.6
2026-09-15 18:30:00,49.699999999999996
2026-09-15 19:00:00,50.2
2026-09-15 19:30:00,52.9
2026-09-15 20:00:00,57.4
2026-09-15 20:30:00,61.5
2026-09-15 21:00:00,63.6
2026-09-15 21:30:00,65.5
2026-09-15 22:00:00,65.7
2026-09-15 22:30:00,63.1
2026-09-15 23:00:00,63.5
2026-09-15 23:30:00,62.7
2026-09-16 00:00:00,62.9
2026-09-16 00:30:00,61.199999999999996
2026-09-16 01:00:00,60.9
2026-09-16 01:30:00,61.0
2026-09-16 02:00:00,61.900000000000006
2026-09-16 02:30:00,62.800000000000004
2026-09-16 03:00:00,61.7
2026-09-16 03:30:00,61.4
2026-09-16 04:00:00,58.099999999999994
2026-09-16 04:30:00,52.4
2026-09-16 05:00:00,47.2
2026-09-16 05:30:00,44.6
2026-09-16 06:00:00,43.800000000000004
2026-09-16 06:30:00,45.2
2026-09-16 07:00:00,45.6
2026-09-16 07:30:00,45.5
2026-09-16 08:00:00,46.5
2026-09-16 08:30:00,47.800000000000004
2026-09-16 09:00:00,49.2
2026-09-16 09:30:00,48.8
2026-09-16 10:00:00,48.5
2026-09-16 10:30:00,47.3
2026-09-16 11:00:00,47.3
2026-09-16 11:30:00,46.8
2026-09-16 12:00:00,46.7
2026-09-16 12:30:00,47.1
2026-09-16 13:00:00,48.900000000000006
2026-09-16 13:30:00,50.6
2026-09-16 14:00:00,49.8
2026-09-16 14:30:00,49.0
2026-09-16 15:00:00,46.9
2026-09-16 15:30:00,46.3
2026-09-16 16:00:00,46.3
2026-09-16 16:30:00,47.3
2026-09-16 17:00:00,46.8
2026-09-16 17:30:00,46.300000000000004
2026-09-16 18:00:00,46.8
2026-09-16 18:30:00,47.8
2026-09-16 19:00:00,51.0
2026-09-16 19:30:00,54.1
2026-09-16 20:00:00,56.7
2026-09-16 20:30:00,60.699999999999996
2026-09-16 21:00:00,63.900000000000006
2026-09-16 21:30:00,62.400000000000006
2026-09-16 22:00:00,62.400000000000006
2026-09-16 22:30:00,65.3
2026-09-16 23:00:00,67.6
2026-09-16 23:30:00,68.9
2026-09-17 00:00:00,70.0
2026-09-17 00:30:00,70.1
2026-09-17 01:00:00,70.3
2026-09-17 01:30:00,70.4
2026-09-17 02:00:00,70.8
2026-09-17 02:30:00,70.7
2026-09-17 03:00:00,72.8
2026-09-17 03:30:00,74.3
2026-09-17 04:00:00,74.6
2026-09-17 04:30:00,72.3
2026-09-17 05:00:00,69.60000000000001
2026-09-17 05:30:00,67.30000000000001
2026-09-17 06:00:00,65.5
2026-09-17 06:30:00,69.3
2026-09-17 07:00:00,71.5
2026-09-17 07:30:00,69.9
2026-09-17 08:00:00,72.1
2026-09-17 08:30:00,73.8
2026-09-17 09:00:00,74.7
2026-09-17 09:30:00,74.5
2026-09-17 10:00:00,75.7
2026-09-17 10:30:00,75.2
2026-09-17 11:00:00,76.3
2026-09-17 11:30:00,76.4
2026-09-17 12:00:00,75.5
2026-09-17 12:30:00,74.9
2026-09-17 13:00:00,73.6
2026-09-17 13:30:00,73.3
2026-09-17 14:00:00,73.19999999999999
2026-09-17 14:30:00,72.0
2026-09-17 15:00:00,71.3
2026-09-17 15:30:00,71.8
2026-09-17 16:00:00,70.4
2026-09-17 16:30:00,69.0
2026-09-17 17:00:00,66.6
2026-09-17 17:30:00,64.5
2026-09-17 18:00:00,62.800000000000004
2026-09-17 18:30:00,65.60000000000001
2026-09-17 19:00:00,68.1
2026-09-17 19:30:00,70.2
2026-09-17 20:00:00,70.7
2026-09-17 20:30:00,70.7
2026-09-17 21:00:00,69.1
2026-09-17 21:30:00,69.0
2026-09-17 22:00:00,70.8
2026-09-17 22:30:00,71.3
2026-09-17 23:00:00,70.7
2026-09-17 23:30:00,71.6
2026-09-18 00:00:00,71.7
2026-09-18 00:30:00,72.4
2026-09-18 01:00:00,72.8
2026-09-18 01:30:00,73.7
2026-09-18 02:00:00,72.7
2026-09-18 02:30:00,72.8
2026-09-18 03:00:00,72.9
2026-09-18 03:30:00,73.6
2026-09-18 04:00:00,72.5
2026-09-18 04:30:00,70.10000000000001
2026-09-18 05:00:00,66.9
2026-09-18 05:30:00,66.9
2026-09-18 06:00:00,65.7
2026-09-18 06:30:00,63.6
2026-09-18 07:00:00,64.7
2026-09-18 07:30:00,66.0
2026-09-18 08:00:00,68.0
2026-09-18 08:30:00,67.0
2026-09-18 09:00:00,68.30000000000001
2026-09-18 09:30:00,68.7
2026-09-18 10:00:00,69.30000000000001
2026-09-18 10:30:00,71.5
2026-09-18 11:00:00,72.5
2026-09-18 11:30:00,73.6
2026-09-18 12:00:00,74.39999999999999
2026-09-18 12:30:00,73.5
2026-09-18 13:00:00,73.9
2026-09-18 13:30:00,75.0
2026-09-18 14:00:00,75.2
2026-09-18 14:30:00,75.8
2026-09-18 15:00:00,75.4
2026-09-18 15:30:00,76.8
2026-09-18 16:00:00,75.5
2026-09-18 16:30:00,70.7
2026-09-18 17:00:00,69.5
2026-09-18 17:30:00,68.6
2026-09-18 18:00:00,68.3
2026-09-18 18:30:00,69.7
2026-09-18 19:00:00,72.5
2026-09-18 19:30:00,73.1
2026-09-18 20:00:00,74.1
2026-09-18 20:30:00,74.19999999999999
2026-09-18 21:00:00,74.8
2026-09-18 21:30:00,73.5
2026-09-18 22:00:00,72.4
2026-09-18 22:30:00,73.2
2026-09-18 23:00:00,73.69999999999999
2026-09-18 23:30:00,74.6
2026-09-19 00:00:00,74.89999999999999
2026-09-19 00:30:00,75.3
2026-09-19 01:00:00,76.0
2026-09-19 01:30:00,76.1
2026-09-19 02:00:00,76.0
2026-09-19 02:30:00,76.0
2026-09-19 03:00:00,75.7
2026-09-19 03:30:00,76.5
2026-09-19 04:00:00,76.4
2026-09-19 04:30:00,75.00000000000001
2026-09-19 05:00:00,73.3
2026-09-19 05:30:00,74.6
2026-09-19 06:00:00,73.6
2026-09-19 06:30:00,75.1
2026-09-19 07:00:00,75.0
2026-09-19 07:30:00,73.4
2026-09-19 08:00:00,73.5
2026-09-19 08:30:00,75.0
2026-09-19 09:00:00,77.0
2026-09-19 09:30:00,77.9
2026-09-19 10:00:00,78.7
2026-09-19 10:30:00,79.2
2026-09-19 11:00:00,78.9
2026-09-19 11:30:00,78.8
2026-09-19 12:00:00,78.1
2026-09-19 12:30:00,77.8
2026-09-19 13:00:00,77.2
2026-09-19 13:30:00,76.5
2026-09-19 14:00:00,73.60000000000001
2026-09-19 14:30:00,73.6
2026-09-19 15:00:00,72.1
2026-09-19 15:30:00,72.0
2026-09-19 16:00:00,70.2
2026-09-19 16:30:00,65.1
2026-09-19 17:00:00,62.7
2026-09-19 17:30:00,62.5
2026-09-19 18:00:00,62.199999999999996
2026-09-19 18:30:00,62.3
2026-09-19 19:00:00,63.099999999999994
2026-09-19 19:30:00,64.2
2026-09-19 20:00:00,65.1
2026-09-19 20:30:00,65.69999999999999
2026-09-19 21:00:00,67.2
2026-09-19 21:30:00,69.4
2026-09-19 22:00:00,71.89999999999999
2026-09-19 22:30:00,73.30000000000001
2026-09-19 23:00:00,74.4
2026-09-19 23:30:00,73.4
2026-09-20 00:00:00,72.39999999999999
2026-09-20 00:30:00,71.2
2026-09-20 01:00:00,71.9
2026-09-20 01:30:00,71.8
2026-09-20 02:00:00,72.5
2026-09-20 02:30:00,72.5
2026-09-20 03:00:00,72.6
2026-09-20 03:30:00,72.3
2026-09-20 04:00:00,72.69999999999999
2026-09-20 04:30:00,73.8
2026-09-20 05:00:00,72.7
2026-09-20 05:30:00,72.2
2026-09-20 06:00:00,71.7
2026-09-20 06:30:00,72.6
2026-09-20 07:00:00,73.19999999999999
2026-09-20 07:30:00,75.4
2026-09-20 08:00:00,77.3
2026-09-20 08:30:00,78.3
2026-09-20 09:00:00,79.3
2026-09-20 09:30:00,79.8
2026-09-20 10:00:00,79.7
2026-09-20 10:30:00,80.3
2026-09-20 11:00:00,80.4
2026-09-20 11:30:00,80.0
2026-09-20 12:00:00,80.1
2026-09-20 12:30:00,79.3
2026-09-20 13:00:00,78.0
2026-09-20 13:30:00,72.5
2026-09-20 14:00:00,69.9
2026-09-20 14:30:00,65.8
2026-09-20 15:00:00,61.7
2026-09-20 15:30:00,55.8
2026-09-20 16:00:00,50.7
2026-09-20 16:30:00,45.9
2026-09-20 17:00:00,40.9
2026-09-20 17:30:00,37.8
2026-09-20 18:00:00,34.6
2026-09-20 18:30:00,35.0
2026-09-20 19:00:00,35.4
2026-09-20 19:30:00,38.0
2026-09-20 20:00:00,39.6
2026-09-20 20:30:00,41.3
2026-09-20 21:00:00,42.3
2026-09-20 21:30:00,42.5
2026-09-20 22:00:00,41.9
2026-09-20 22:30:00,40.5
2026-09-20 23:00:00,39.199999999999996
2026-09-20 23:30:00,38.699999999999996
2026-09-21 00:00:00,38.699999999999996
2026-09-21 00:30:00,36.6
2026-09-21 01:00:00,35.1
2026-09-21 01:30:00,35.3
2026-09-21 02:00:00,35.1
2026-09-21 02:30:00,35.8
2026-09-21 03:00:00,35.3
2026-09-21 03:30:00,36.7
2026-09-21 04:00:00,36.3
2026-09-21 04:30:00,35.6
2026-09-21 05:00:00,32.5
2026-09-21 05:30:00,31.1
2026-09-21 06:00:00,31.5
2026-09-21 06:30:00,33.2
2026-09-21 07:00:00,35.9
2026-09-21 07:30:00,38.4
2026-09-21 08:00:00,40.1
2026-09-21 08:30:00,42.5
2026-09-21 09:00:00,44.599999999999994
2026-09-21 09:30:00,47.0
2026-09-21 10:00:00,49.7
2026-09-21 10:30:00,50.3
2026-09-21 11:00:00,51.699999999999996
2026-09-21 11:30:00,52.7
2026-09-21 12:00:00,53.6
2026-09-21 12:30:00,52.9
2026-09-21 13:00:00,51.8
2026-09-21 13:30:00,49.7
2026-09-21 14:00:00,45.6
2026-09-21 14:30:00,41.3
2026-09-21 15:00:00,38.0
2026-09-21 15:30:00,34.5
2026-09-21 16:00:00,31.7
2026-09-21 16:30:00,30.700000000000003
2026-09-21 17:00:00,27.6
2026-09-21 17:30:00,26.4
2026-09-21 18:00:00,25.700000000000003
2026-09-21 18:30:00,26.299999999999997
2026-09-21 19:00:00,26.700000000000003
2026-09-21 19:30:00,27.6
2026-09-21 20:00:00,27.1
2026-09-21 20:30:00,29.200000000000003
2026-09-21 21:00:00,30.900000000000002
2026-09-21 21:30:00,31.6
2026-09-21 22:00:00,31.7
2026-09-21 22:30:00,31.2
2026-09-21 23:00:00,31.4
2026-09-21 23:30:00,31.1
2026-09-22 00:00:00,31.1
2026-09-22 00:30:00,30.9
2026-09-22 01:00:00,31.3
2026-09-22 01:30:00,32.9
2026-09-22 02:00:00,33.199999999999996
2026-09-22 02:30:00,32.5
2026-09-22 03:00:00,31.6
2026-09-22 03:30:00,30.200000000000003
2026-09-22 04:00:00,29.4
2026-09-22 04:30:00,28.9
2026-09-22 05:00:00,27.6
2026-09-22 05:30:00,25.6
2026-09-22 06:00:00,25.1
2026-09-22 06:30:00,27.4
2026-09-22 07:00:00,30.2
2026-09-22 07:30:00,33.1
2026-09-22 08:00:00,36.1
2026-09-22 08:30:00,38.8
2026-09-22 09:00:00,41.3
2026-09-22 09:30:00,43.4
2026-09-22 10:00:00,45.3
2026-09-22 10:30:00,47.1
2026-09-22 11:00:00,48.50000000000001
2026-09-22 11:30:00,46.400000000000006
2026-09-22 12:00:00,44.9
2026-09-22 12:30:00,43.7
2026-09-22 13:00:00,42.0
2026-09-22 13:30:00,38.1
2026-09-22 14:00:00,35.099999999999994
2026-09-22 14:30:00,31.6
2026-09-22 15:00:00,29.8
2026-09-22 15:30:00,29.8
2026-09-22 16:00:00,27.7
2026-09-22 16:30:00,25.1
2026-09-22 17:00:00,23.200000000000003
2026-09-22 17:30:00,21.6
2026-09-22 18:00:00,21.5
2026-09-22 18:30:00,22.0
2026-09-22 19:00:00,22.1
2026-09-22 19:30:00,21.8
2026-09-22 20:00:00,22.1
2026-09-22 20:30:00,23.2
2026-09-22 21:00:00,24.5
2026-09-22 21:30:00,26.7
2026-09-22 22:00:00,28.7
2026-09-22 22:30:00,29.9
2026-09-22 23:00:00,31.200000000000003
2026-09-22 23:30:00,33.0
2026-09-23 00:00:00,34.300000000000004
2026-09-23 00:30:00,35.0
2026-09-23 01:00:00,35.7
2026-09-23 01:30:00,37.6
2026-09-23 02:00:00,37.800000000000004
2026-09-23 02:30:00,40.3
2026-09-23 03:00:00,43.7
2026-09-23 03:30:00,47.7
2026-09-23 04:00:00,50.2
2026-09-23 04:30:00,47.099999999999994
2026-09-23 05:00:00,43.4
2026-09-23 05:30:00,43.800000000000004
2026-09-23 06:00:00,44.6
2026-09-23 06:30:00,46.800000000000004
2026-09-23 07:00:00,50.1
2026-09-23 07:30:00,53.3
2026-09-23 08:00:00,56.8
2026-09-23 08:30:00,56.4
2026-09-23 09:00:00,60.9
2026-09-23 09:30:00,61.900000000000006
2026-09-23 10:00:00,61.9
2026-09-23 10:30:00,62.5
2026-09-23 11:00:00,63.599999999999994
2026-09-23 11:30:00,63.9
2026-09-23 12:00:00,63.8
2026-09-23 12:30:00,63.099999999999994
2026-09-23 13:00:00,62.6
2026-09-23 13:30:00,61.8
2026-09-23 14:00:00,59.400000000000006
2026-09-23 14:30:00,57.6
2026-09-23 15:00:00,54.6
2026-09-23 15:30:00,53.0
2026-09-23 16:00:00,50.400000000000006
2026-09-23 16:30:00,46.6
2026-09-23 17:00:00,44.3
2026-09-23 17:30:00,43.3
2026-09-23 18:00:00,42.3
2026-09-23 18:30:00,42.0
2026-09-23 19:00:00,41.3
2026-09-23 19:30:00,42.0
2026-09-23 20:00:00,42.1
2026-09-23 20:30:00,42.6
2026-09-23 21:00:00,41.9
2026-09-23 21:30:00,41.5
2026-09-23 22:00:00,40.7
2026-09-23 22:30:00,39.5
2026-09-23 23:00:00,37.0
2026-09-23 23:30:00,34.5
2026-09-24 00:00:00,32.7
2026-09-24 00:30:00,31.3
2026-09-24 01:00:00,31.9
2026-09-24 01:30:00,33.0
2026-09-24 02:00:00,32.9
2026-09-24 02:30:00,34.8
2026-09-24 03:00:00,35.5
2026-09-24 03:30:00,35.5
2026-09-24 04:00:00,35.4
2026-09-24 04:30:00,35.7
2026-09-24 05:00:00,35.6
2026-09-24 05:30:00,34.5
2026-09-24 06:00:00,34.6
2026-09-24 06:30:00,34.5
2026-09-24 07:00:00,37.3
2026-09-24 07:30:00,40.7
2026-09-24 08:00:00,44.8
2026-09-24 08:30:00,49.2
2026-09-24 09:00:00,50.8
2026-09-24 09:30:00,55.3
2026-09-24 10:00:00,56.9
2026-09-24 10:30:00,58.9
2026-09-24 11:00:00,61.300000000000004
2026-09-24 11:30:00,61.099999999999994
2026-09-24 12:00:00,61.599999999999994
2026-09-24 12:30:00,62.6
2026-09-24 13:00:00,62.7
2026-09-24 13:30:00,62.5
2026-09-24 14:00:00,60.3
2026-09-24 14:30:00,56.699999999999996
2026-09-24 15:00:00,52.2
2026-09-24 15:30:00,48.5
2026-09-24 16:00:00,45.0
2026-09-24 16:30:00,42.9
2026-09-24 17:00:00,43.0
2026-09-24 17:30:00,42.1
2026-09-24 18:00:00,42.2
2026-09-24 18:30:00,43.6
2026-09-24 19:00:00,45.3
2026-09-24 19:30:00,47.2
2026-09-24 20:00:00,49.800000000000004
2026-09-24 20:30:00,51.7
2026-09-24 21:00:00,54.5
2026-09-24 21:30:00,55.8
2026-09-24 22:00:00,56.300000000000004
2026-09-24 22:30:00,56.1
2026-09-24 23:00:00,56.900000000000006
2026-09-24 23:30:00,57.4
2026-09-25 00:00:00,58.3
2026-09-25 00:30:00,57.9
2026-09-25 01:00:00,55.9
2026-09-25 01:30:00,54.300000000000004
2026-09-25 02:00:00,53.0
2026-09-25 02:30:00,52.7
2026-09-25 03:00:00,52.199999999999996
2026-09-25 03:30:00,51.300000000000004
2026-09-25 04:00:00,48.8
2026-09-25 04:30:00,44.5
2026-09-25 05:00:00,40.1
2026-09-25 05:30:00,42.9
2026-09-25 06:00:00,37.1
2026-09-25 06:30:00,36.1
2026-09-25 07:00:00,38.2
2026-09-25 07:30:00,41.4
2026-09-25 08:00:00,44.5
2026-09-25 08:30:00,47.2
2026-09-25 09:00:00,49.800000000000004
2026-09-25 09:30:00,51.0
2026-09-25 10:00:00,51.6
2026-09-25 10:30:00,51.3
2026-09-25 11:00:00,51.3
2026-09-25 11:30:00,51.8
2026-09-25 12:00:00,51.9
2026-09-25 12:30:00,51.3
2026-09-25 13:00:00,50.4
2026-09-25 13:30:00,47.3
2026-09-25 14:00:00,45.099999999999994
2026-09-25 14:30:00,40.8
2026-09-25 15:00:00,37.2
2026-09-25 15:30:00,34.2
2026-09-25 16:00:00,32.9
2026-09-25 16:30:00,30.5
2026-09-25 17:00:00,28.5
2026-09-25 17:30:00,30.1
2026-09-25 18:00:00,31.099999999999998
2026-09-25 18:30:00,31.9
2026-09-25 19:00:00,33.5
2026-09-25 19:30:00,35.5
2026-09-25 20:00:00,37.6
2026-09-25 20:30:00,38.7
2026-09-25 21:00:00,42.300000000000004
2026-09-25 21:30:00,46.5
2026-09-25 22:00:00,45.8
2026-09-25 22:30:00,46.0
2026-09-25 23:00:00,47.2
2026-09-25 23:30:00,47.3
2026-09-26 00:00:00,48.1
2026-09-26 00:30:00,48.7
2026-09-26 01:00:00,47.5
2026-09-26 01:30:00,48.6
2026-09-26 02:00:00,49.599999999999994
2026-09-26 02:30:00,48.8
2026-09-26 03:00:00,49.2
2026-09-26 03:30:00,49.1
2026-09-26 04:00:00,49.2
2026-09-26 04:30:00,48.0
2026-09-26 05:00:00,45.7
2026-09-26 05:30:00,44.2
2026-09-26 06:00:00,43.7
2026-09-26 06:30:00,45.3
